account_label,ts_code,security_name,market,currency,lot_id,buy_date,quantity,available_to_sell,cost_price_cny,cost_basis_note,position_source,as_of,data_nature
稳健账户A,300750.SZ,宁德时代,SZSE,CNY,P01,2024-08-16,18000,18000,310,成本价已按账户公司行动台账调整；不含已收现金分红,题方脱敏账户持仓批次,2025-12-31T14:45:00+08:00,题方脱敏仿真账户
稳健账户A,300750.SZ,宁德时代,SZSE,CNY,P02,2025-12-31,12000,0,372,成本价已按账户公司行动台账调整；不含已收现金分红,题方脱敏账户持仓批次,2025-12-31T14:45:00+08:00,题方脱敏仿真账户
稳健账户A,002594.SZ,比亚迪,SZSE,CNY,P03,2024-11-08,50000,50000,110,成本价已按账户公司行动台账调整；不含已收现金分红,题方脱敏账户持仓批次,2025-12-31T14:45:00+08:00,题方脱敏仿真账户
稳健账户A,002594.SZ,比亚迪,SZSE,CNY,P04,2025-12-31,40000,0,95,成本价已按账户公司行动台账调整；不含已收现金分红,题方脱敏账户持仓批次,2025-12-31T14:45:00+08:00,题方脱敏仿真账户
稳健账户A,600519.SH,贵州茅台,SSE,CNY,P05,2023-06-12,3000,3000,1500,成本价已按账户公司行动台账调整；不含已收现金分红,题方脱敏账户持仓批次,2025-12-31T14:45:00+08:00,题方脱敏仿真账户
稳健账户A,600519.SH,贵州茅台,SSE,CNY,P06,2025-04-18,2000,2000,1260,成本价已按账户公司行动台账调整；不含已收现金分红,题方脱敏账户持仓批次,2025-12-31T14:45:00+08:00,题方脱敏仿真账户
稳健账户A,000858.SZ,五粮液,SZSE,CNY,P07,2024-05-20,65000,65000,128,成本价已按账户公司行动台账调整；不含已收现金分红,题方脱敏账户持仓批次,2025-12-31T14:45:00+08:00,题方脱敏仿真账户
稳健账户A,000333.SZ,美的集团,SZSE,CNY,P08,2024-09-09,75000,75000,67,成本价已按账户公司行动台账调整；不含已收现金分红,题方脱敏账户持仓批次,2025-12-31T14:45:00+08:00,题方脱敏仿真账户
稳健账户A,601318.SH,中国平安,SSE,CNY,P09,2024-03-15,85000,85000,52,成本价已按账户公司行动台账调整；不含已收现金分红,题方脱敏账户持仓批次,2025-12-31T14:45:00+08:00,题方脱敏仿真账户
