scenario,day,date,trade_status,action,shares,price_basis,gross,fees_total,net_cash,post_shares,post_weight,constraint_status,note
正常≥20.80,D1,2026-09-21,NORMAL,SELL,9000,限价≥20.80/参考21.55,193950.0,438.33,193511.67,15000,0.4038,权重降至约0.408;ADV9000达日上限,先卖可卖底仓;LOT-03当日解冻不优先用
正常≥20.80,D2,2026-09-22,NORMAL,SELL,2000,限价≥20.80/参考21.55,43100.0,97.41,43002.59,13000,0.349963,权重0.349963达标;压力降至-5.44%,累计卖11000;保留13000≥12000软偏好
正常≥20.80,D3,2026-09-23,NORMAL,HOLD,0,-,0,0,0,13000,0.349963,登记日收盘持股13000→应得分红1300(9/30),分红不提前入账(DQ-009)
上涨(技术偏强),D1-D2,2026-09-21~22,NORMAL,SELL,11000,仍按条件单分批;不因上涨取消减仓,237050.0,535.73,236514.27,13000,0.349963,技术偏强不豁免硬约束(DQ-007),"上行情景卖在更高价,净回笼更多"
跌破软偏好价20.80,D1起,2026-09-21起,NORMAL,SELL,10600,市价/限价≤20.80仍须减仓,220480.0,498.28,219981.72,13400,0.3500(按20.80算),35%权重在更低价只需10600股,软价偏好让位硬约束;不得因20.80不卖
跌停无买盘,D1,2026-09-21,LIMIT_DOWN_NO_BID,NO_EXEC,0,"无买盘,委托不视为成交",0,0,0,24000,0.645654(不变),"不可成交,不计现金;次日再跌5%",RULE-06;不得把委托当成交
跌停无买盘,D2,2026-09-22,NORMAL(复牌),SELL,11000,次日跳空后价格重估,202677.75,按重估价重算,按重估价重算,13000,重估后重算,D1未卖部分并入D2;ADV9000上限需2日,首日损失10%次日5%复合=-14.5%
停牌后复牌,D1-D3,2026-09-21~23,SUSPENDED,NO_EXEC,0,停牌不可交易,0,0,0,24000,0.645654(不变),不可成交;不复牌前不挂单,RULE-07;3日不可成交
停牌后复牌,D4起,2026-09-24起,NORMAL(复牌),REASSESS,按复牌价重算,复牌价/除息机械调整后重估,重算,重算,重算,重算,重算,复牌-12%后重估权重与压力,"除息0.10与复牌跳空叠加,须重算"
