日期,星期,是否交易日,事件,期初可划转现金,已知结算流入,计划卖出净收入(条件),期末可划转现金,备注,source_id
2026-08-28,周五,否(收盘后),决策截点15:20,58000.0,0,0,58000.0,收盘后不可交易; 旧证券卖出款待结算,CAL-SRC-01
2026-08-31,周一,是,旧卖出款净额到账; A当日买4000解冻,58000.0,17985.82,条件成交后才计入,75985.82,TRD-X-01净额=18000-5-0.18-9=17985.82; 卖出成交款T+1至9/1 09:00才可划转,CAL-SRC-02/03
2026-09-01,周二,是,8/31卖出款可划转,75985.82,0,条件成交后才计入,75985.82,仅8/31实际成交并已结算的税费后净额可划转; 9/1当日卖出款T+1至9/2 09:00,CAL-SRC-04/05
2026-09-02,周三,是,9/1卖出款可划转; 10:00截止,75985.82,0,条件成交后才计入,75985.82,"9/1卖出成交款9/2 09:00可划转; 9/2当日成交至9/3才可划转,不能满足10:00",CAL-SRC-06/07
2026-09-03,周四,是,B股息到账,75985.82,3750.0,0,79735.82,"晚于9/2 10:00截止日,不得计入按时可划转现金",CAL-SRC-08

=== 现金需求测算 ===
项目,金额,说明
截止前基准可划转,75985.82,58000+17985.82
现金目标,260000.0,CON-01/CLIENT-01
需新卖出净回笼,184014.18,260000-75985.82
CON-09现金底线,30000.0,"当前58000>30000, 卖出只增不减, 满足"
