日期/时点,事件,已知流入,计划卖出净收入(条件),期末可划转(已知),未结算/交易可用,说明,source_id
2026-08-28 周五 决策截点15:20,收盘后不可交易,0,0,58000.0,18000.0,旧卖出18000毛额待结算,CAL-01
2026-08-31 周一 09:00,旧卖出款结算可划转,17985.82,0,75985.82,0,旧证券TRD-X-01净额17985.82到账,CAL-02
2026-08-31 周一 09:30,开盘: A当日买4000转可卖,0,0,75985.82,0,证券A可卖变18000,CAL-03
2026-08-31 周一 盘中,计划卖出(若成交),0,条件成交,0,0,净回笼计入下一可划转时点,COND
2026-09-01 周二 09:00,8/31卖出款可划转,0,0,0,0,仅8/31实际成交净额,CAL-04
2026-09-01 周二 15:00,最终交易检查点,0,0,0,0,9/2 10:00前须完成可成交卖出,CAL-05
2026-09-02 周三 09:00,9/1卖出款可划转,0,0,0,0,晚于此成交不能满足10:00,CAL-06
2026-09-02 周三 10:00,用款截止,-260000.0,0,0,0,可划转须>=260000(本任务不划款),CAL-07
2026-09-03 周四 09:00,证券B股息到账,3750.0,0,0,0,晚于截止，不计入260000,CAL-08
