batch_id,event_id,trade_date,settle_date,event_type,qty,price,gross_amount,commission,transfer_fee,stamp_duty,net_cash_flow_account,stock_dividend_added,post_qty_in_batch,post_batch_cost,post_cost_per_share,sellable_from,source_id,note
LOT-01,TX-001,2025-11-03,2025-11-04,BUY,10000,12.0,120000.0,30.0,1.2,0.0,-120031.2,0,10000,120031.2,12.0031,2025-11-04,LEDGER-001,首批建仓
LOT-01,CF-001,2026-04-15,2026-04-15,CASH_DIVIDEND,10000,0.1,1000.0,0,0,0,1000.0,0,10000,120031.2,12.0031,"已收现金分红,不冲成本",LEDGER-002,"CA-HIST-01 每股0.10,已到账"
LOT-01,CA-001,2026-06-30,2026-06-30,STOCK_DIVIDEND,5000,0,0,0,0,0,0,5000,15000,120031.2,8.0021,送股当日起可卖,LEDGER-003,"每10股送5股;总成本不增,每股成本摊薄至8.0021"
LOT-02,TX-002,2026-07-10,2026-07-13,BUY,6000,17.5,105000.0,26.25,1.05,0.0,-105027.3,0,6000,105027.3,17.5045,2026-07-13,LEDGER-004,第二批
LOT-03,TX-003,2026-09-18,2026-09-21,BUY,3000,21.3,63900.0,15.98,0.64,0.0,-63916.62,0,3000,63916.62,21.3055,2026-09-21,LEDGER-005,"T+1;决策时点冻结,当日不可卖(DQ-006)"
,,,,REBUILT_TOTAL,,,,,,,,,24000,288975.12,12.0406,,BRK-POS-001/LEDGER,重建总数量=官方24000;总成本288975.12
,,,,BROKER_PROVIDER,,,,,,,,,24000,314880.0,13.12,,BRK-POS-001,"券商供应商成本(未核验,DQ-003);与重建差25904.88"
,,,,OCR_TOTAL_QTY,,,,,,,,,24800,,,,OCR-002,"置信度0.58低,疑似0误识为8;不用于生成卖出数量(DQ-002)"
,,,,OCR_SELLABLE,,,,,,,,,21000,,,,OCR-003,"置信度0.95高,与官方21000一致"
